token,classe
lula,lula
lulaoficial,lula
pt,lula
esquerda,lula
ladr√£o,lula
13,lula
petista,lula
dilma,lula
preso,lula
ex-presidi√°rio,lula
pcc,lula
ptbrasil,lula
petrobras,lula
ex-presidente,lula
alckmin,lula
pris√£o,lula
reelei√ß√£o,lula
reeleito,lula
presidio,lula
lulano1¬∫turno,lula
reeleger,lula
lulanoprimeiroturno,lula
lulanacnn,lula
comunista,lula
lulapresidente13,lula
venezuela,lula
petistas,lula
petrobr√°s,lula
lul‚Ä¶,lula
anitta,lula
alexandrekalil,lula
lulista,lula
descondenado,lula
comunismo,lula
lula‚Ä¶,lula
esquerdista,lula
ditaduras,lula
luladr√£o,lula
comunistas,lula
luladrao,lula
ladrao,lula
lula13,lula
petrol√£o,lula
lulaeopt13defioapavio,lula
ladr√µes,lula
lulaeoptjano1¬∫turno,lula
dilmabr,lula
lulinha,lula
socialismo,lula
lulaeoptdemocraciaja,lula
ptsaopaulosp,lula
vote13,lula
anitta‚Ä¶,lula
lulaladraoseulugarenaprisao,lula
petistaalerta,lula
lula13presidente,lula
lulistas,lula
lulavergonhadobrasil,lula
v13lula,lula
lulapresidente2022,lula
lulaeoptcongressodopovo,lula
urgente-bolsonaro,lula
presidenta,lula
inst_lula,lula
lulaladrao,lula
ditadores,lula
progressista,lula
revolucion√°rio,lula
lula2022,lula
pauloteixeira13,lula
lulaeoptmeubrasildevolta,lula
üáµüáπ,lula
ptista,lula
marielle,lula
pt-ce,lula
quadrilh√£o,lula
lulaladr√£o,lula
janja+lula,lula
lulaeoptporvidasesonhos,lula
ex-presidi‚Ä¶,lula
marisa,lula
lula/pt,lula
lulaverso,lula
esquerdasegueesquerda,lula
lulaofi‚Ä¶,lula
lulaoficial.acredito,lula
lulaoficial‚Å©,lula
petismo,lula
lula13edegarpretto13,lula
esquerd‚Ä¶,lula
atores,lula
lulaogritodeamorpelobrasil,lula
zeliaduncan,lula
caetanoveloso,lula
legaliza√ß√£o,lula
lulaptnostrends,lula
lulaembh,lula
vozesprogressistas,lula
'lula,lula
felipeneto,lula
bolsonaro,bolso
jairbolsonaro,bolso
jair,bolso
bolsonarista,bolso
bolsonarosp,bolso
golpe,bolso
pl,bolso
22,bolso
flaviobolsonaro,bolso
igrejas,bolso
bozo,bolso
bolsonarista,bolso
michelle,bolso
bolsonaristas,bolso
carlosbolsonaro,bolso
zambelli2210,bolso
revistaoeste,bolso
carlazambelli38,bolso
felipeneto,bolso
genocida,bolso
bolsonarismo,bolso
lucianohangbr,bolso
motociata,bolso
janjalula,bolso
mandato,bolso
cpi,bolso
militares,bolso
capit√£o,bolso
bolsonaronoprimeiroturno,bolso
lanchaciata,bolso
miliciano,bolso
arma,bolso
ditadura,bolso
evang√©licos,bolso
ditadura,bolso
fascista,bolso
pastor,bolso
primeira-dama,bolso
impeachment,bolso
fascismo,bolso
crist√£o,bolso
ditador,bolso
militarizadas,bolso
bolso,bolso
pastores,bolso
desmentindobozo,bolso
bolsonaroreeleitoem2022,bolso
bolsonaroreeleito2022,bolso
censura,bolso
golpista,bolso
militar,bolso
bolsonaro‚Ä¶,bolso
bolsonar‚Ä¶,bolso
desgoverno,bolso
bolsol√£o,bolso
antidemocr√°tico,bolso
bolsona‚Ä¶,bolso
nazista,bolso
bolsominion,bolso
bolsonaroreeleitonoprimeiroturno,bolso
bolsonaro22,bolso
mandetta,bolso
bolsonaro2022,bolso
pastormalafaia,bolso
bolsonaro',bolso
tvbolsonaro22,bolso
urgente-bolsonaro,bolso
bolsonaroreeleito,bolso
golpistas,bolso
bosonaro,bolso
jair,bolso
bolsonaro.‚Ä¶,bolso
desinforma√ß√£o,bolso
evang√©licas,bolso
bolsonaros,bolso
jairbolsonaro‚Ä¶,bolso
bozonaro,bolso
antipetismo,bolso
malafaia,bolso
bolsomito380,bolso
juntospelobrasil,bolso
rbolsonaro3,bolso
crist√£,bolso
pr√≥-bolsonaro,bolso
homof√≥bico,bolso
bolsonaronaband,bolso
jairbolsonaro‚Å©,bolso
mich‚Ä¶,bolso
jairbols‚Ä¶,bolso
mitob0022,bolso
juntoscombolsonaro,bolso
genoc√≠dio,bolso
bolsocaro,bolso
newsbolsonaro_,bolso
bolsonaroorgulhodobrasil,bolso
minions,bolso
bolsopatriota22,bolso
bolsonarotemrazao,bolso
bozoverso,bolso
jovempannews,bolso
